firstname,lastname,gender,email,phone,grade
Lewis,Hamilton,M,LewisHamilton@gmail.com,866-410-0458,1
Nick,Heidfeld,F  ,NickHeidfeld@gmail.com,619-840-7262,5
Nico,Rosberg,M,NicoRosberg@gmail.com,626-691-9090,3
Fernando,Alonso,M,FernandoAlonso@gmail.com,877-218-8361,9
Heikki,Kovalainen,M,HeikkiKovalainen@gmail.com,877-705-6767,11
Kazuki,Nakajima,F,KazukiNakajima@gmail.com,541-826-3147,12
Sabastien,Bourdais,F,SabastienBourdais@gmail.com,484-938-8231,10
Kimi,Raukkinenen,M,KimiRaukkinenen@gmail.com,601-553-0515,K
Robert,Kubica,M,RobertKubica@gmail.com,763-307-5755,JK
Timo,Glock,M,TimoGlock@gmail.com,818-666-4016,K
Takuma,Sato,M,TakumaSato@gmail.com,214-793-1666,K
Nelson,Piquet Jr.,F,NelsonPiquet Jr@gmail.com,281-808-2308,K
Felipe,Massa,M,FelipeMassa@gmail.com,204-654-2858,K
David,Coulthard,M,DavidCoulthard@gmail.com,941-467-3194,K
Jarno,Trulli,M,JarnoTrulli@gmail.com,803-486-2467,K
Adrian,Sutil,M,AdrianSutil@gmail.com,708-292-6194,8
Mark,Webber,M,MarkWebber@gmail.com,530-921-4207,7
Jenson,Button,F,JensonButton@gmail.com,617-861-9130,2
Anthony,Davidson,F,AnthonyDavidson@gmail.com,610-197-5780,3
Sebastian,Vettel,M,SebastianVettel@gmail.com,404-491-7274,1
Giancarlo,Fisichella,F,GiancarloFisichella@gmail.com,307-308-6953,5
Rubens,Barrichello,M,RubensBarrichello@gmail.com,360-843-2006,8
Ralf,Schumacher,M,RalfSchumacher@gmail.com,508-485-9960,7
Vitantonio,Liuzzi,F,VitantonioLiuzzi@gmail.com,305-823-2345,5
Alexander,Wurz,M,AlexanderWurz@gmail.com,570-595-2777,9
Scott,Speed,M,ScottSpeed@gmail.com,206-823-3345,8
Christijan,Albers,F,ChristijanAlbers@gmail.com,718-687-3174,2
Markus,Winkelhock,M,MarkusWinkelhock@gmail.com,502-242-0892,8
Sakon,Yamamoto,F,SakonYamamoto@gmail.com,779-203-9988,11
Michael,Schumacher,F,MichaelSchumacher@gmail.com,212-465-9832,1
Juan,Pablo Montoya,M,JuanPablo Montoya@gmail.com,610-743-3242,11
Christian,Klien,M,ChristianKlien@gmail.com,305-916-3490,11
Tiago,Monteiro,M,TiagoMonteiro@gmail.com,201-285-8120,10
Yuji,Ide,F,YujiIde@gmail.com,201-857-9080,10
Jacques,Villeneuve,F,JacquesVilleneuve@gmail.com,317-435-1937,12
Franck,Montagny,F,FranckMontagny@gmail.com,213-761-7935,1
Pedro,de la Rosa,F,Pedrode la Rosa@gmail.com,301-219-9872,12
Robert,Doornbos,M,RobertDoornbos@gmail.com,530-389-5543,8
Narain,Karthikeyan,F,NarainKarthikeyan@gmail.com,954-688-4664,9
Patrick,Friesacher,M,PatrickFriesacher@gmail.com,901-300-7443,6
Ricardo,Zonta,F,RicardoZonta@gmail.com,305-203-5347,5
Antanio,Pizzonia,M,AntanioPizzonia@gmail.com,404-220-7215,8
Cristiano,da Matta,M,Cristianoda Matta@gmail.com,858-277-7503,9
Olivier,Panis,F,OlivierPanis@gmail.com,407-602-8902,8
Giorgio,Pantano,M,GiorgioPantano@gmail.com,774-204-6255,5
Gianmaria,Bruni,M,GianmariaBruni@gmail.com,512-717-5666,2
Zsolt,Baumgartner,M,ZsoltBaumgartner@gmail.com,646-589-0698,8
Marc,Genao,F,MarcGenao@gmail.com,301-274-6016,6
Heinz-Harald,Frentzen,F,Heinz-HaraldFrentzen@gmail.com,953-232-4956,8
Jos,Verstappen,M,JosVerstappen@gmail.com,303-250-5238,6
Justin,Wilson,M,JustinWilson@gmail.com,262-206-9238,5
Ralph,Firman,F,RalphFirman@gmail.com,312-509-9187,6
Nicolas,Kiesa,F,NicolasKiesa@gmail.com,801-877-5468,9
Luciano,Burti,F,LucianoBurti@gmail.com,610-743-4769,6
Jean,Alesi,M,JeanAlesi@gmail.com,319-984-4006,3
Eddie,Irvine,F,EddieIrvine@gmail.com,209-362-3854,5
Mika,Haukkinen,F,MikaHaukkinen@gmail.com,313-327-3063,4
Tarso,Marques,M,TarsoMarques@gmail.com,240-394-6009,11
Enrique,Bernoldi,F,EnriqueBernoldi@gmail.com,876-309-6620,1
Gastan,Mazzacane,M,GastanMazzacane@gmail.com,215-405-2385,1
Tomaiai,Enge,M,TomaiaiEnge@gmail.com,321-221-8279,12
Alex,Yoong,F,AlexYoong@gmail.com,509-233-4023,1
Mika,Salo,M,MikaSalo@gmail.com,254-522-7532,6
Pedro,Diniz,M,PedroDiniz@gmail.com,718-713-6547,1
Johnny,Herbert,M,JohnnyHerbert@gmail.com,844-952-0909,K
Allan,McNish,F,AllanMcNish@gmail.com,610-743-3242,K
Saobastien,Buemi,M,SaobastienBuemi@gmail.com,760-262-0093,K
Toranosuke,Takagi,F,ToranosukeTakagi@gmail.com,718-887-9034,K
Luca,Badoer,M,LucaBadoer@gmail.com,919-335-6205,K
Alessandro,Zanardi,F,AlessandroZanardi@gmail.com,786-405-0898,K
Damon,Hill,F,DamonHill@gmail.com,610-743-3242,K
Staophane,Sarrazin,M,StaophaneSarrazin@gmail.com,813-701-3641,K
Ricardo,Rosset,F,RicardoRosset@gmail.com,315-215-4553,K
Esteban,Tuero,F,EstebanTuero@gmail.com,872-240-8540,K
Shinji,Nakano,M,ShinjiNakano@gmail.com,850-254-0911,K
Jan,Magnussen,F,JanMagnussen@gmail.com,843-788-9580,K
Gerhard,Berger,F,GerhardBerger@gmail.com,201-857-9080,8
Nicola,Larini,F,NicolaLarini@gmail.com,571-210-6599,6
Ukyo,Katayama,M,UkyoKatayama@gmail.com,858-900-3090,3
Vincenzo,Sospiri,M,VincenzoSospiri@gmail.com,310-294-3744,7
Gianni,Morbidelli,F,GianniMorbidelli@gmail.com,216-323-2314,7
Norberto,Fontana,F,NorbertoFontana@gmail.com,320-207-5633,7
Pedro,Lamy,F,PedroLamy@gmail.com,877-290-1033,7
Martin,Brundle,M,MartinBrundle@gmail.com,347-926-7311,7
Andrea,Montermini,F,AndreaMontermini@gmail.com,281-710-0042,1
Giovanni,Lavaggi,F,GiovanniLavaggi@gmail.com,516-635-4085,2
Mark,Blundell,F,MarkBlundell@gmail.com,984-244-5428,3
Aguri,Suzuki,M,AguriSuzuki@gmail.com,518-289-0758,4
Taki,Inoue,F,TakiInoue@gmail.com,805-534-0853,5
Roberto,Moreno,M,RobertoMoreno@gmail.com,920-249-8224,6
Karl,Wendlinger,M,KarlWendlinger@gmail.com,816-679-9285,7
Bertrand,Gachot,M,BertrandGachot@gmail.com,925-418-3259,8
Domenico,Schiattarella,F,DomenicoSchiattarella@gmail.com,800-268-3486,9
Pierluigi,Martini,M,PierluigiMartini@gmail.com,217-472-4120,10
Nigel,Mansell,M,NigelMansell@gmail.com,765-309-2437,11
Jean-Christophe,Boullion,F,Jean-ChristopheBoullion@gmail.com,917-282-8336,12
Massimiliano,Papis,F,MassimilianoPapis@gmail.com,917-282-8336,1
Jean-Denis,Daoiaotraz,M,Jean-DenisDaoiaotraz@gmail.com,323-809-1112,2
Gabriele,Tarquini,M,GabrieleTarquini@gmail.com,702-500-0893,3
Arik,Comas,M,ArikComas@gmail.com,888-769-3267,4
David,Brabham,M,DavidBrabham@gmail.com,800-993-8762,5
Ayrton,Senna,M,AyrtonSenna@gmail.com,404-341-5805,6
Aric,Bernard,M,AricBernard@gmail.com,801-545-1800,7
Christian,Fittipaldi,M,ChristianFittipaldi@gmail.com,203-405-9858,8
Michele,Alboreto,F,MicheleAlboreto@gmail.com,512-308-2424,9
Olivier,Beretta,F,OlivierBeretta@gmail.com,931-253-1002,10
Roland,Ratzenberger,M,RolandRatzenberger@gmail.com,214-484-0848,11
Paul,Belmondo,M,PaulBelmondo@gmail.com,713-502-4701,12
Jyrki,Järvilehto,M,JyrkiJärvilehto@gmail.com,845-302-1656,3
Andrea,de Cesaris,M,Andreade Cesaris@gmail.com,206-451-5358,2
Jean-Marc,Gounon,F,Jean-MarcGounon@gmail.com,716-404-9724,1
Philippe,Alliot,F,PhilippeAlliot@gmail.com,339-205-1412,6
Philippe,Adams,F,PhilippeAdams@gmail.com,213-221-6237,5
Yannick,Dalmas,M,YannickDalmas@gmail.com,877-273-7626,4
Hideki,Noda,M,HidekiNoda@gmail.com,918-935-0374,9
Franck,Lagorce,M,FranckLagorce@gmail.com,925-997-7732,8
Alain,Prost,F,AlainProst@gmail.com,480-685-9689,7
Derek,Warwick,M,DerekWarwick@gmail.com,142-370-5463,11
Riccardo,Patrese,M,RiccardoPatrese@gmail.com,718-713-6547,10
Fabrizio,Barbazza,F,FabrizioBarbazza@gmail.com,213-973-6402,12
Michael,Andretti,F,MichaelAndretti@gmail.com,803-619-6014,7
Ivan,Capelli,F,IvanCapelli@gmail.com,925-997-3175,8
Thierry,Boutsen,F,ThierryBoutsen@gmail.com,660-324-6019,9
Marco,Apicella,F,MarcoApicella@gmail.com,718-713-6547,10
Emanuele,Naspetti,F,EmanueleNaspetti@gmail.com,252-643-4753,11
Toshio,Suzuki,M,ToshioSuzuki@gmail.com,610-657-1765,12
Maura≠cio,Gugelmin,M,Maura≠cioGugelmin@gmail.com,812-265-4262,3
Eric,van de Poele,M,Ericvan de Poele@gmail.com,518-418-7004,2
Olivier,Grouillard,M,OlivierGrouillard@gmail.com,732-307-5178,1
Andrea,Chiesa,F,AndreaChiesa@gmail.com,214-699-5859,6
Stefano,Modena,F,StefanoModena@gmail.com,216-323-2314,5
Giovanna,Amati,M,GiovannaAmati@gmail.com,815-387-9400,4
Alex,Caffi,M,AlexCaffi@gmail.com,559-236-3191,9
Enrico,Bertaggia,M,EnricoBertaggia@gmail.com,615-555-4755,8
Perry,McCarthy,M,PerryMcCarthy@gmail.com,205-490-7464,7
Jan,Lammers,M,JanLammers@gmail.com,551-482-3149,11
Nelson,Piquet,M,NelsonPiquet@gmail.com,610-743-3242,10
Satoru,Nakajima,F,SatoruNakajima@gmail.com,727-919-2344,12
Emanuele,Pirro,M,EmanuelePirro@gmail.com,412-219-6645,7
Stefan,Johansson,F,StefanJohansson@gmail.com,330-423-0403,8
Julian,Bailey,M,JulianBailey@gmail.com,334-440-8460,9
Pedro,Chaves,F,PedroChaves@gmail.com,313-355-5681,10
Michael,Bartels,F,MichaelBartels@gmail.com,618-855-1094,11
Naoki,Hattori,F,NaokiHattori@gmail.com,585-865-5238,12
Alessandro,Nannini,M,AlessandroNannini@gmail.com,509-233-4064,3
Bernd,Schneider,F,BerndSchneider@gmail.com,610-743-4769,2
Paolo,Barilla,F,PaoloBarilla@gmail.com,904-282-0880,1
Gregor,Foitek,M,GregorFoitek@gmail.com,719-280-0195,6
Claudio,Langes,F,ClaudioLanges@gmail.com,888-263-4369,5
Gary,Brabham,M,GaryBrabham@gmail.com,331-214-0491,4
Martin,Donnelly,F,MartinDonnelly@gmail.com,619-981-7899,9
Bruno,Giacomelli,F,BrunoGiacomelli@gmail.com,204-784-9423,8
Jaime,Alguersuari,F,JaimeAlguersuari@gmail.com,201-210-5099,7
Romain,Grosjean,M,RomainGrosjean@gmail.com,206-681-9680,11
Kamui,Kobayashi,F,KamuiKobayashi@gmail.com,912-234-6652,10
Jonathan,Palmer,F,JonathanPalmer@gmail.com,612-282-8385,12
Christian,Danner,M,ChristianDanner@gmail.com,610-743-4769,7
Eddie,Cheever,F,EddieCheever@gmail.com,714-455-1321,8
Luis,Paorez-Sala,F,LuisPaorez-Sala@gmail.com,910-716-0075,9
Piercarlo,Ghinzani,M,PiercarloGhinzani@gmail.com,209-362-3854,10
Volker,Weidler,F,VolkerWeidler@gmail.com,206-823-3346,11
Pierre-Henri,Raphanel,M,Pierre-HenriRaphanel@gmail.com,515-577-4227,12
Renao,Arnoux,F,RenaoArnoux@gmail.com,201-678-0595,3
Joachim,Winkelhock,F,JoachimWinkelhock@gmail.com,410-246-5455,2
Oscar,Larrauri,M,OscarLarrauri@gmail.com,201-285-1838,1
Philippe,Streiff,F,PhilippeStreiff@gmail.com,860-628-9383,6
Adriain,Campos,M,AdriainCampos@gmail.com,610-743-4769,5
Jean-Louis,Schlesser,F,Jean-LouisSchlesser@gmail.com,323-251-2339,4
Pascal,Fabre,F,PascalFabre@gmail.com,716-442-3215,9
Teo,Fabi,F,TeoFabi@gmail.com,440-519-6716,8
Franco,Forini,F,FrancoForini@gmail.com,646-456-3355,7
Jacques,Laffite,F,JacquesLaffite@gmail.com,216-487-7014,11
Elio,de Angelis,F,Eliode Angelis@gmail.com,720-370-7588,10
Johnny,Dumfries,M,JohnnyDumfries@gmail.com,234-425-9085,12
Patrick,Tambay,M,PatrickTambay@gmail.com,213-141-5163,7
Marc,Surer,F,MarcSurer@gmail.com,614-263-1200,8
Keke,Rosberg,F,KekeRosberg@gmail.com,717-409-1057,9
Alan,Jones,M,AlanJones@gmail.com,859-846-5238,10
Huub,Rothengatter,F,HuubRothengatter@gmail.com,610-743-3242,11
Allen,Berg,M,AllenBerg@gmail.com,877-366-8828,12
Manfred,Winkelhock,F,ManfredWinkelhock@gmail.com,616-383-9186,3
Niki,Lauda,F,NikiLauda@gmail.com,972-666-8436,2
François,Hesnault,F,FrançoisHesnault@gmail.com,505-443-1997,1
Mauro,Baldi,F,MauroBaldi@gmail.com,215-398-2500,6
Stefan,Bellof,F,StefanBellof@gmail.com,616-558-6447,5
Kenny,Acheson,F,KennyAcheson@gmail.com,585-225-5659,4
John,Watson,M,JohnWatson@gmail.com,585-203-9275,9
Johnny,Cecotto,M,JohnnyCecotto@gmail.com,402-672-8871,8
Jo,Gartner,M,JoGartner@gmail.com,847-829-0396,7
Corrado,Fabi,M,CorradoFabi@gmail.com,281-710-0089,11
Mike,Thackwell,M,MikeThackwell@gmail.com,442-200-6227,10
Chico,Serra,F,ChicoSerra@gmail.com,708-862-5489,12
Danny,Sullivan,M,DannySullivan@gmail.com,727-895-1181,K
Eliseo,Salazar,F,EliseoSalazar@gmail.com,844-510-1807,K
Roberto,Guerrero,F,RobertoGuerrero@gmail.com,972-296-4031,K
Raul,Boesel,F,RaulBoesel@gmail.com,703-348-4951,K
Jean-Pierre,Jarier,M,Jean-PierreJarier@gmail.com,763-307-5755,K
Jacques,Villeneuve Sr.,M,JacquesVilleneuve Sr.@gmail.com,732-444-9815,K
Carlos,Reutemann,F,CarlosReutemann@gmail.com,360-763-3236,K
Jochen,Mass,M,JochenMass@gmail.com,914-215-3196,JK
